{
  "tasks": [
    {
      "DueDate": "2024-10-21",
      "name": "CS3383 Midterm",
      "description": "Introduction to the use of digital computers for problem solving and communicating solutions. Covers use of procedures, decisions, loops and arrays focusing on scientific and engineering problem analysis, algorithm design, and program structure. Also includes organizing, tabulating, and graphing program output with different software tools to communicate results. This course is currently taught primarily in Matlab. \n\nPrerequisite: High School Mathematics.\n\nCorequisites: PHYS 1081 or equivalent, or permission from instructor.",
      "id": 1,
      "priority": "low"
    },
    {
      "DueDate": "2024-10-22",
      "name": "CS 2063 Project Prototype Demo",
      "description": "This course explores advanced language features and introduces software engineering. Topics include data abstraction, encapsulation, inheritance, polymorphism, recursion, file processing, use of libraries and modules, numerical applications, machine representation of data, and computer organization. This course may not be taken for credit by BCS, BISys, or BScSwE students. \n\nPrerequisite: CS 1003 . ",
      "id": 1,
      "priority": "low"
    },
    {
      "DueDate": "2024-10-23",
      "name": "CS3383 Asgmt3",
      "description": "Introduction to the ideas of abstraction of procedures and data. Implementation and handling of the fundamental data types: lists, stacks, queues, and graphs. Basic concepts of discrete mathematics, elements of combinatorics, aspects of complexity and recursion and algorithm development, including estimation of program resource utilization. This course is currently taught in C. Note: This course may not be taken for credit by BCS, BISys, or BScSwE students.\n\nPrerequisite: CS 1003 . ",
      "id": 1,
      "priority": "low"
    },
    {
      "DueDate": "2024-10-25",
      "name": "CS3997 Review paper literature",
      "description": "Intended to give students an introduction to Information Technology (IT) fluency. Topics include: hardware and software concepts, computer interfaces, networking, the Internet, the World Wide Web, HTML, algorithms, spreadsheets, database concepts, digital representation, multimedia, social implications of IT, privacy and security. Note:This course will not be counted for credit toward degree programs offered by the Computer Science and Engineering faculties.",
      "id": 1,
      "priority": "low"
    },
    {
      "DueDate": "2024-10-25",
      "name": "CS4065 Project Literature review sourced",
      "description": "Introduction to basic web enabling technologies such as HTML, XML, CSS, JavaScript and PHP. Design of simple web pages using basic web technologies. Introduction to common web application technologies such as searching, instant messaging, blogging, social networking, audio/video streaming, web geographical information systems, mobile web, web intelligence, and web security and privacy. Basic mechanisms of web application technologies. Comparative studies of web application tools. Learning effective usage of web application tools. Note: This course will not be counted for credit toward degree programs offered by the Computer Science and Engineering faculties.",
      "id": 1,
      "priority": "low"
    },
    {
      "DueDate": "2024-10-25",
      "name": "CS2413 Midterm",
      "description": "Covers fundamental concepts such as decisions, loops, arrays, classes, methods and inheritance; focusing on problem analysis, algorithm design, program structure and readability. Introduction to the Java API libraries. \n\nPrerequisite: High School Mathematics.",
      "id": 1,
      "priority": "low"
    },
    {
      "DueDate": "2024-11-01",
      "name": "CS2063 - Project - gesture integration",
      "description": "Continues CS 1073 focusing on problem analysis, algorithm design program structure and readability. Covers recursion, sorting and searching, data abstraction, encapsulation, inheritance, polymorphism, simple data structures and files, testing and debugging.\n\nPrerequisite: CS 1073 . ",
      "id": 1,
      "priority": "low"
    },
    {
      "DueDate": "2024-11-01",
      "name": "CS2413 - Survey draft",
      "description": "This course surveys many of the fundamental concepts and theories used throughout computer science. Topics include history of computers, computer hardware, system software, programming languages, networking, theory of computation, social issues, and other topics within computer science. Emphasis is also placed on topics relevant to various areas of study within the BCS program.\n\nPrerequisite: None. Note: Intended only for first year computer science students and interested students from other Faculties.",
      "id": 1,
      "priority": "low"
    },
    {
      "DueDate": "2024-11-01",
      "name": "CS3997 Literature reviewed",
      "description": "Introduces topics in discrete mathematics important in computer science, including: propositional logic, predicate logic using quantifiers, direct and indirect proofs, summation and product notation, mathematical induction, elementary set theory and counting. Students are expected to write mathematical proofs throughout the course. Note: credit will not be given for both CS 1303 and MATH 2203 .\n\nPrerequisite: High School Mathematics. ",
      "id": 1,
      "priority": "low"
    },
    {
      "DueDate": "2024-11-01",
      "name": "CS2413 - Asgmt4",
      "description": "An introduction to software design and implementation in the context of a team project emphasizing object-oriented programming and modularization for building reliable and reusable system components.\n\nPrerequisites: CS 1023 , ECE 2412 or equivalent. Note: This course may not be taken for credit by BCS,BISys, or BScSwE students.",
      "id": 1,
      "priority": "low"
    },
    {
      "DueDate": "2024-11-04",
      "name": "CS4065 - Project Demo video",
      "description": "Introduction to fundamentals of the discipline of software engineering with focus on the software development life cycle. Topics include software development methodologies and processes, requirements analysis, modeling, architecture, design, implementation, testing, and maintenance. Basics of software management are also introduced.\n\nPrerequisite: CS 1083 . Note: Credit is not given for both CS 2013 and CS 2043. ",
      "id": 1,
      "priority": "low"
    },
    {
      "DueDate": "2024-11-05",
      "name": "CS2063 Project Update #2",
      "description": "Introduces basic concepts and technologies for computer and video game development, including math and physics foundations for games, core technologies and algorithms in game development, game design and implementation, and game development environments and programming. By taking this course, students will understand various elements and phases of game development. Students will develop simple games during the course.\n\nPrerequisite(s): CS 2043 or CS 2253 . ",
      "id": 1,
      "priority": "low"
    },
    {
      "DueDate": "2024-11-06",
      "name": "CS3383 Asgmt4",
      "description": "Introduces students to the development of application software for mobile computing platforms.  Characteristics of mobile computing platforms versus non-mobile platforms. Mobile application design principles, including design of effective user interaction and factors that affect application performance. Programming common mobile application functionality such as location, orientation, and motion awareness, as well as touch, gesture, and camera input. Interacting with remote APIs (e.g. Google Maps). Students will gain experience creating and testing applications for a selected currently prominent mobile platform.Prerequisite(s): CS 2043 or CS 2253 .",
      "id": 1,
      "priority": "low"
    },
    {
      "DueDate": "2024-11-07",
      "name": "CS2063 Lab exam",
      "description": "Introduces students to lower-level computer operations and the association with higher-level procedural programming constructs. Topics include binary representation of data, instruction formats and execution, assembler programming, scope, functions, user-defined data types using both low- and high-level programming languages. \n\nPrerequisites: CS 1083 or equivalent and level of programming experience, at the discretion of the instructor. Note: Credit cannot be obtained for CS 2253 by students who have completed both CS 2023 and CS 2813.",
      "id": 1,
      "priority": "low"
    },
    {
      "DueDate": "2024-11-08",
      "name": "CS2063 - Project - calendar integration",
      "description": "This course introduces students to some of the fundamental ideas in theoretical computer science: functions and relations, formal languages, finite automata, regular languages, context-free grammars, context-free languages, push-down automata, pumping lemmas, Turing machines, the Church-Turing thesis, recursive and recursively enumerable languages, the Chomsky hierarchy, the halting problem and other unsolvable decision problems, problem reducibility, and fundamental computational complexity classes.\n\nPrerequisites: CS 1303 , 30 ch, and ( CS 1073 or CS 1003 ). ",
      "id": 1,
      "priority": "low"
    },
    {
      "DueDate": "2024-11-08",
      "name": "CS2413 - Survey Peer review",
      "description": "Presents formal specifications of abstract data types and their data structure representations, operations, and algorithms. Includes priority queues, dictionaries, graphs, heaps, hash tables, binary search trees, balanced trees,and graph adjacency representations. Covers sorting, searching, dynamic storage handling, and fundamental graph algorithms. Asymptotic analysis of time and space complexity are taught and used throughout the course. Students are expected to implement a variety of data structures and graph algorithms.\n\nPrerequisites: CS 1083 and CS 1303 . Note: Credit is not given for both CS 2383 and CS 3323 . ",
      "id": 1,
      "priority": "low"
    },
    {
      "DueDate": "2024-11-08",
      "name": "CS2413 Quiz2",
      "description": "Introduces students to several software packages commonly available on microcomputers and discusses criteria for evaluating microcomputer systems in different situations. Note: This course may not be taken for credit by BCS, BISys or BScSwE students.\n\nPrerequisite: CS 1003 or CS 1043 . ",
      "id": 1,
      "priority": "low"
    },
    {
      "DueDate": "2024-11-15",
      "name": "CS3997 - Review draft",
      "description": "Introduces a selected programming language to students who have already been exposed to at least one programming language. This course is given in 13 1-hour lectures throughout the term. \n\nPrerequisite: CS 1083 or equivalent",
      "id": 1,
      "priority": "low"
    },
    {
      "DueDate": "2024-11-15",
      "name": "CS2413 - Asgmt5",
      "description": "Introduces the object-oriented features of C++ to programmers who have already been exposed to Java and C. This course is given in 13 1-hour lectures throughout the term.\n\nPrerequisites: CS 1083 and CS 2253, or knowledge of Java and C.",
      "id": 1,
      "priority": "low"
    },
    {
      "DueDate": "2024-11-18",
      "name": "CS2413 - Survey presentation",
      "description": "Introduction to multimedia applications development. Multimedia building blocks: capturing, storing, editing, retrieving, distributing of sound, pictures, and video clips. Creation of world wide web pages, authoring tools. NOTE: Not intended for BCS, BISys or BScSwE students. Credit will not be given for both CS 2703 and CS 3703 .\n\nPrerequisites: CS 1043 and CS 2525 . ",
      "id": 1,
      "priority": "low"
    },
    {
      "DueDate": "2024-11-18",
      "name": "CS4065 - Project methodology report",
      "description": "This course entails a hands-on approach to problem solving for computer programmers. Under instructional guidance the students will work on programming problems that represent basic classes of problems found in computer science. Concepts in data structures, algorithms, geometry, and software development and testing are covered. \n\\nPrerequisite: permission of instructor.\n\nCorequisite: CS 2253. ",
      "id": 1,
      "priority": "low"
    },
    {
      "DueDate": "2024-11-19",
      "name": "CS3997 - Presentation #1",
      "description": "Introduction to biocomputing in the pharmaceutical industry. Topics include molecular modeling, rational drug design, high throughput screening and combinatorial chemistry, protein modeling and 3D bioinformatics. Course includes lectures and a computer laboratory component. Note: This course is also cross-listed as CHEM 3003 and may be taken for either Computer Science or Science credit.\n\nPrerequisites: CHEM 1001, 1012 and BIOL 1001,1012 , or permission of instructor. CHEM 2421 or BIOL 2033 are recommended. ",
      "id": 1,
      "priority": "low"
    },
    {
      "DueDate": "2024-11-20",
      "name": "CS3383 - Asgmt5",
      "description": "Software design for interactive computing. Topics include: human-computer interaction principles, interface design guidelines, the design and execution of usability studies. The characteristics of various styles of interaction are explored. Emphasis is on user-oriented interfaces. Students design, implement, and perform a usability study on an interactive software application. \n\nPrerequisites: 60 ch and (CS 2043 or MAAC 3102 or permission of instructor). ",
      "id": 1,
      "priority": "low"
    },
    {
      "DueDate": "2024-11-20",
      "name": "CS4065 - Term Test",
      "description": "Examines software development processes and management, visual modeling and Unified Modeling Language, requirements capture, use case analysis, system design and implementation, components, forward and reverse engineering, software engineering tools, testing techniques, configuration management, and project management. \n\nPrerequisite: CS 2043 . Note: Credit is not given for both CS 3013 and CS 3043. ",
      "id": 1,
      "priority": "low"
    },
    {
      "DueDate": "2024-11-22",
      "name": "CS2413 - ProgAsgmt1",
      "description": "Intended for Computer Science and Engineering students. Error analysis, convergence and stability. Approximation of functions by polynomials. Numerical quadrature and differentiation. The solution of linear and non-linear equations and the solution of ordinary differential equations. This course will emphasize the understanding of numerical algorithms and stress applications in the applied sciences, as well as the influence of finite precision and arithmetic on computational results. Credit will not be given for both CS 3113 and MATH 3413 . \n\nPrerequisites: ( CS 1003 or CS 1073 ) and ( MATH 2213 or MATH 1503 ). ",
      "id": 1,
      "priority": "low"
    },
    {
      "DueDate": "2024-11-22",
      "name": "CS3997 - Review paper final",
      "description": "This course examines the characteristics of algorithms that lead to efficient computer solutions for discrete problems. A variety of different algorithm classes and design techniques, including divide and conquer, greedy, dynamic programming, and backtracking, are introduced and compared. Algorithmic strategies and computational techniques used for distributed systems and intelligent systems are are also examined. \n\nPrerequisites: CS 2333 , CS 2383 and ( STAT 2593 or STAT 3083 ). Note: Credit is only given for one of CS 3383, CS 3913 and CS 3933 . ",
      "id": 1,
      "priority": "low"
    },
    {
      "DueDate": "2024-11-22",
      "name": "CS2413 - Quiz3",
      "description": "This course examines the fundamental role of an operating system in relation to the operation of applications. Essential theory of operating systems is covered, including processes, process synchronization, interprocess communications, process scheduling, storage (primary and secondary) management, resource sharing, security, I/O, and user interfaces. At least one of the major Unix shell languages will be covered.\n\nPrerequisites: CS 2253 ",
      "id": 1,
      "priority": "low"
    },
    {
      "DueDate": "2024-11-28",
      "name": "CS3997 Presentation #2",
      "description": "Introduces students to the life cycle of information systems. Covers techniques and tools used in systems analysis and project management. Emphasizes communication skills, both written and oral, as well as team skills.\n\nPrerequisites: INFO 1103 and 60 ch. ",
      "id": 1,
      "priority": "low"
    },
    {
      "DueDate": "2024-11-29",
      "name": "CS2063 - Testing/Polish complete",
      "description": "Building on students' knowledge of procedural and object oriented programming, this course is a comparative study of modern models of programming. Models such as declarative, concurrent, and relational programming are introduced, and relationships between various models are explored. Formal syntax and semantics of programming languages, as well as basic concepts of programming language translation and interpretation are presented.\n\nPrerequisites: CS 2253 and CS 2333 . ",
      "id": 1,
      "priority": "low"
    },
    {
      "DueDate": "2024-11-29",
      "name": "CS2413 - ProgAsgmt2",
      "description": "Introduction to the design and production of multimedia applications. Includes issues in capture, storage, and effective use of images, sound, and video; animation; multimedia and hypermedia design principles; authoring tools.\n\nPrerequisites: CS 1073 and 60 ch. ",
      "id": 1,
      "priority": "low"
    },
    {
      "DueDate": "2024-11-29",
      "name": "CS2413 - Asgmt6",
      "description": "Introduction to computer organization and architecture, digital logic, interfacing and I/O strategies, memory architecture, functional organization, multiprocessing, performance enhancements.\n\nPrerequisites: CS 2253. Note: Credit is not given for both CS 3853 and CS 3813 . ",
      "id": 1,
      "priority": "low"
    },
    {
      "DueDate": "2024-11-29",
      "name": "CS4065 - Project report presentation",
      "description": "Introduction to fundamentals of data communication and application programming in a networked environment. Topics include data transmission, data link concepts, networking concepts, network security, application protocols, net-centric computing and web programming.\n\nPrerequisite: CS 2253 . ",
      "id": 1,
      "priority": "low"
    },
    {
      "DueDate": "2024-12-02",
      "name": "CS2063 - App submission",
      "description": "Covers social context of computing, professional and ethical responsibilities, risks and liabilities of computer-based systems, intellectual property, privacy and civil liberties, and I.S.P. certification through CIPS. Instructs students in the preparation of technical reports in Computer Science. Involves an independent study component resulting in a technical report, typically a survey paper. Covers technical writing, oral presentation and library skills.\n\nPrerequisites: Enrolment in the BCS or BISys program and 60 ch completed.",
      "id": 1,
      "priority": "low"
    },
    {
      "DueDate": "2024-12-03",
      "name": "CS2063 - Full App demo",
      "description": "A follow-up of CS 3003/CHEM 3003 . Topics include pharmacophore perception, solvation models, free-energy calculations, quantitative structure activity relationship (QSAR), virtual drug libraries, chemical diversity and cheminformatics. Course includes lectures and computer laboratory component. Note: This course is cross-listed as CHEM 4003 and may be taken for either Computer Science or Science credit. \n\nPrerequisite: CHEM 3003 or CS 3003 . ",
      "id": 1,
      "priority": "low"
    },
    {
      "DueDate": "2024-12-03",
      "name": "CS3383 Asgmt6",
      "description": "Examines pattern-oriented software architecture and development, architectural styles and patterns, design patterns, pattern systems and applications, pattern languages, and implementation techniques in various programming languages.\n\nPrerequisite: CS 2043 or permission of the instructor. ",
      "id": 1,
      "priority": "low"
    },
    {
      "DueDate": "2024-12-04",
      "name": "CS3997 - Term Quiz",
      "description": "The numerical solution of ordinary differential equations, and partial differential equations of elliptic, hyperbolic, and parabolic type. This course is a basic introduction to finite difference methods, including the associated theory of stability, accuracy and convergence. Students will gain practical experience using state-of-the-art numerical solvers and visualization tools while solving practical problems from the physical and biological sciences. Cross-listed as MATH 4503 .\n\nPrerequisite: One of MATH 3043 , MATH 3073 , MATH 3413 , MATH 3503 , CS 3113 , CHE 3418 ; or ME 3522 . ",
      "id": 1,
      "priority": "low"
    },
    {
      "DueDate": "2024-12-05",
      "name": "CS2413 - Survey report",
      "description": "Covers the structure and design of operating systems. Processor management. Storage management, input/output, interprocess communication, and interrupt handling. Real-time systems, centralized systems, multiprocessor and distributed systems.\n\nPrerequisites: CS 3413 and (CS 3853 or ECE 3221). ",
      "id": 1,
      "priority": "low"
    },
    {
      "DueDate": "2024-12-06",
      "name": "Fall2024 Classes End",
      "description": "Involves the application of systems analysis and design methodologies to actual business problems. Projects make up a large portion of the course. Emphasizes communication skills and teamwork. Limited enrolment.\n\nPrerequisite: CS 3503 . ",
      "id": 1,
      "priority": "low"
    }
  ]
}